{
    "products": [
        {
            "SKU": "RE105SH14HUFINDFAS", 
            "availability": true, 
            "brand": "Reebok", 
            "category": "Men", 
            "description": "Designed to move and run freely, these grey coloured 'Zjet Soul' running shoes from the house of Reebok are a perfect blend of style and comfort. Meant for men, these running shoes are quite high on quality. The other specifications are:", 
            "gender": "Men", 
            "id": 0, 
            "models": [
                {
                    "color": {
                        "name": "", 
                        "value": ""
                    }, 
                    "count": "0", 
                    "size": "6"
                }, 
                {
                    "color": {
                        "name": "", 
                        "value": ""
                    }, 
                    "count": "2", 
                    "size": "7"
                }, 
                {
                    "color": {
                        "name": "", 
                        "value": ""
                    }, 
                    "count": "1", 
                    "size": "8"
                }, 
                {
                    "color": {
                        "name": "", 
                        "value": ""
                    }, 
                    "count": "1", 
                    "size": "9"
                }, 
                {
                    "color": {
                        "name": "", 
                        "value": ""
                    }, 
                    "count": "0", 
                    "size": "10"
                }, 
                {
                    "color": {
                        "name": "", 
                        "value": ""
                    }, 
                    "count": "0", 
                    "size": "11"
                }
            ], 
            "options": [], 
            "photos": [
                {
                    "2x": "https://static1.jassets.com/p/Reebok-Reebok-Zjet-Soul-Grey-Running-Shoes-3902-5834962-1-pdp_slider_xs.jpg", 
                    "main": "https://static1.jassets.com/p/Reebok-Reebok-Zjet-Soul-Grey-Running-Shoes-3902-5834962-1-pdp_slider_m.jpg", 
                    "thumb": "https://static1.jassets.com/p/Reebok-Reebok-Zjet-Soul-Grey-Running-Shoes-3902-5834962-1-pdp_slider_xxs.jpg"
                }, 
                {
                    "2x": "https://static1.jassets.com/p/Reebok-Reebok-Zjet-Soul-Grey-Running-Shoes-3902-5834962-2-pdp_slider_xs.jpg", 
                    "main": "https://static1.jassets.com/p/Reebok-Reebok-Zjet-Soul-Grey-Running-Shoes-3902-5834962-2-pdp_slider_m.jpg", 
                    "thumb": "https://static1.jassets.com/p/Reebok-Reebok-Zjet-Soul-Grey-Running-Shoes-3902-5834962-2-pdp_slider_xxs.jpg"
                }, 
                {
                    "2x": "https://static1.jassets.com/p/Reebok-Reebok-Zjet-Soul-Grey-Running-Shoes-3902-5834962-3-pdp_slider_xs.jpg", 
                    "main": "https://static1.jassets.com/p/Reebok-Reebok-Zjet-Soul-Grey-Running-Shoes-3902-5834962-3-pdp_slider_m.jpg", 
                    "thumb": "https://static1.jassets.com/p/Reebok-Reebok-Zjet-Soul-Grey-Running-Shoes-3902-5834962-3-pdp_slider_xxs.jpg"
                }, 
                {
                    "2x": "https://static1.jassets.com/p/Reebok-Reebok-Zjet-Soul-Grey-Running-Shoes-3902-5834962-4-pdp_slider_xs.jpg", 
                    "main": "https://static1.jassets.com/p/Reebok-Reebok-Zjet-Soul-Grey-Running-Shoes-3902-5834962-4-pdp_slider_m.jpg", 
                    "thumb": "https://static1.jassets.com/p/Reebok-Reebok-Zjet-Soul-Grey-Running-Shoes-3902-5834962-4-pdp_slider_xxs.jpg"
                }, 
                {
                    "2x": "https://static1.jassets.com/p/Reebok-Reebok-Zjet-Soul-Grey-Running-Shoes-3902-5834962-5-pdp_slider_xs.jpg", 
                    "main": "https://static1.jassets.com/p/Reebok-Reebok-Zjet-Soul-Grey-Running-Shoes-3902-5834962-5-pdp_slider_m.jpg", 
                    "thumb": "https://static1.jassets.com/p/Reebok-Reebok-Zjet-Soul-Grey-Running-Shoes-3902-5834962-5-pdp_slider_xxs.jpg"
                }, 
                {
                    "2x": "https://static1.jassets.com/p/Reebok-Reebok-Zjet-Soul-Grey-Running-Shoes-3902-5834962-6-pdp_slider_xs.jpg", 
                    "main": "https://static1.jassets.com/p/Reebok-Reebok-Zjet-Soul-Grey-Running-Shoes-3902-5834962-6-pdp_slider_m.jpg", 
                    "thumb": "https://static1.jassets.com/p/Reebok-Reebok-Zjet-Soul-Grey-Running-Shoes-3902-5834962-6-pdp_slider_xxs.jpg"
                }, 
                {
                    "2x": "https://static1.jassets.com/p/Reebok-Reebok-Zjet-Soul-Grey-Running-Shoes-3902-5834962-7-pdp_slider_xs.jpg", 
                    "main": "https://static1.jassets.com/p/Reebok-Reebok-Zjet-Soul-Grey-Running-Shoes-3902-5834962-7-pdp_slider_m.jpg", 
                    "thumb": "https://static1.jassets.com/p/Reebok-Reebok-Zjet-Soul-Grey-Running-Shoes-3902-5834962-7-pdp_slider_xxs.jpg"
                }
            ], 
            "price": {
                "actual": "7500", 
                "default": "14999", 
                "discount": "50"
            }, 
            "properties": [
                {
                    "base": "", 
                    "title": "Sole Material", 
                    "value": "Rubber"
                }, 
                {
                    "base": "", 
                    "title": "Closing", 
                    "value": "Lace-up"
                }, 
                {
                    "base": "", 
                    "title": "Product warranty", 
                    "value": "3 Months Warranty by Brand/Manufacturer Against Manufacturing Defect"
                }, 
                {
                    "base": "", 
                    "title": "Fit", 
                    "value": "Regular"
                }, 
                {
                    "base": "", 
                    "title": "Ankle Height", 
                    "value": "Low Ankle"
                }, 
                {
                    "base": "", 
                    "title": "Color", 
                    "value": "Grey"
                }, 
                {
                    "base": "", 
                    "title": "Upper Material Details", 
                    "value": "Mesh"
                }, 
                {
                    "base": "", 
                    "title": "SKU", 
                    "value": "RE105SH14HUFINDFAS"
                }
            ], 
            "title": "Reebok Zjet Soul Grey Running Shoes"
        }, 
        {
            "SKU": "NI091SH60FEMINDFAS", 
            "availability": true, 
            "brand": "Nike", 
            "category": "Men", 
            "description": "Run mile after mile with utmost ease wearing these navy blue coloured 'Flex Experience RN 6' running shoes from the house of Nike. Meant for men, these running shoes will withstand the test of time. The other specifications are:", 
            "gender": "Men", 
            "id": 0, 
            "models": [
                {
                    "color": {
                        "name": "", 
                        "value": ""
                    }, 
                    "count": "6", 
                    "size": "6"
                }, 
                {
                    "color": {
                        "name": "", 
                        "value": ""
                    }, 
                    "count": "6", 
                    "size": "7"
                }, 
                {
                    "color": {
                        "name": "", 
                        "value": ""
                    }, 
                    "count": "6", 
                    "size": "8"
                }, 
                {
                    "color": {
                        "name": "", 
                        "value": ""
                    }, 
                    "count": "6", 
                    "size": "9"
                }, 
                {
                    "color": {
                        "name": "", 
                        "value": ""
                    }, 
                    "count": "6", 
                    "size": "10"
                }, 
                {
                    "color": {
                        "name": "", 
                        "value": ""
                    }, 
                    "count": "1", 
                    "size": "11"
                }, 
                {
                    "color": {
                        "name": "", 
                        "value": ""
                    }, 
                    "count": "0", 
                    "size": "12"
                }
            ], 
            "options": [], 
            "photos": [
                {
                    "2x": "https://static1.jassets.com/p/Nike-Flex-Experience-Rn-6-Navy-Blue-Running-Shoes-4567-478371003-1-pdp_slider_xs.jpg", 
                    "main": "https://static1.jassets.com/p/Nike-Flex-Experience-Rn-6-Navy-Blue-Running-Shoes-4567-478371003-1-pdp_slider_m.jpg", 
                    "thumb": "https://static1.jassets.com/p/Nike-Flex-Experience-Rn-6-Navy-Blue-Running-Shoes-4567-478371003-1-pdp_slider_xxs.jpg"
                }, 
                {
                    "2x": "https://static1.jassets.com/p/Nike-Flex-Experience-Rn-6-Navy-Blue-Running-Shoes-4567-478371003-2-pdp_slider_xs.jpg", 
                    "main": "https://static1.jassets.com/p/Nike-Flex-Experience-Rn-6-Navy-Blue-Running-Shoes-4567-478371003-2-pdp_slider_m.jpg", 
                    "thumb": "https://static1.jassets.com/p/Nike-Flex-Experience-Rn-6-Navy-Blue-Running-Shoes-4567-478371003-2-pdp_slider_xxs.jpg"
                }, 
                {
                    "2x": "https://static1.jassets.com/p/Nike-Flex-Experience-Rn-6-Navy-Blue-Running-Shoes-4567-478371003-3-pdp_slider_xs.jpg", 
                    "main": "https://static1.jassets.com/p/Nike-Flex-Experience-Rn-6-Navy-Blue-Running-Shoes-4567-478371003-3-pdp_slider_m.jpg", 
                    "thumb": "https://static1.jassets.com/p/Nike-Flex-Experience-Rn-6-Navy-Blue-Running-Shoes-4567-478371003-3-pdp_slider_xxs.jpg"
                }, 
                {
                    "2x": "https://static1.jassets.com/p/Nike-Flex-Experience-Rn-6-Navy-Blue-Running-Shoes-4567-478371003-4-pdp_slider_xs.jpg", 
                    "main": "https://static1.jassets.com/p/Nike-Flex-Experience-Rn-6-Navy-Blue-Running-Shoes-4567-478371003-4-pdp_slider_m.jpg", 
                    "thumb": "https://static1.jassets.com/p/Nike-Flex-Experience-Rn-6-Navy-Blue-Running-Shoes-4567-478371003-4-pdp_slider_xxs.jpg"
                }, 
                {
                    "2x": "https://static1.jassets.com/p/Nike-Flex-Experience-Rn-6-Navy-Blue-Running-Shoes-4567-478371003-5-pdp_slider_xs.jpg", 
                    "main": "https://static1.jassets.com/p/Nike-Flex-Experience-Rn-6-Navy-Blue-Running-Shoes-4567-478371003-5-pdp_slider_m.jpg", 
                    "thumb": "https://static1.jassets.com/p/Nike-Flex-Experience-Rn-6-Navy-Blue-Running-Shoes-4567-478371003-5-pdp_slider_xxs.jpg"
                }, 
                {
                    "2x": "https://static1.jassets.com/p/Nike-Flex-Experience-Rn-6-Navy-Blue-Running-Shoes-4567-478371003-6-pdp_slider_xs.jpg", 
                    "main": "https://static1.jassets.com/p/Nike-Flex-Experience-Rn-6-Navy-Blue-Running-Shoes-4567-478371003-6-pdp_slider_m.jpg", 
                    "thumb": "https://static1.jassets.com/p/Nike-Flex-Experience-Rn-6-Navy-Blue-Running-Shoes-4567-478371003-6-pdp_slider_xxs.jpg"
                }, 
                {
                    "2x": "https://static1.jassets.com/p/Nike-Flex-Experience-Rn-6-Navy-Blue-Running-Shoes-4567-478371003-7-pdp_slider_xs.jpg", 
                    "main": "https://static1.jassets.com/p/Nike-Flex-Experience-Rn-6-Navy-Blue-Running-Shoes-4567-478371003-7-pdp_slider_m.jpg", 
                    "thumb": "https://static1.jassets.com/p/Nike-Flex-Experience-Rn-6-Navy-Blue-Running-Shoes-4567-478371003-7-pdp_slider_xxs.jpg"
                }, 
                {
                    "2x": "https://static1.jassets.com/p/Nike-Flex-Experience-Rn-6-Navy-Blue-Running-Shoes-4567-478371003-8-pdp_slider_xs.jpg", 
                    "main": "https://static1.jassets.com/p/Nike-Flex-Experience-Rn-6-Navy-Blue-Running-Shoes-4567-478371003-8-pdp_slider_m.jpg", 
                    "thumb": "https://static1.jassets.com/p/Nike-Flex-Experience-Rn-6-Navy-Blue-Running-Shoes-4567-478371003-8-pdp_slider_xxs.jpg"
                }
            ], 
            "price": {
                "actual": "3442", 
                "default": "5295", 
                "discount": "35"
            }, 
            "properties": [
                {
                    "base": "", 
                    "title": "Sole Material", 
                    "value": "Rubber"
                }, 
                {
                    "base": "", 
                    "title": "Inner Lining", 
                    "value": "Mesh"
                }, 
                {
                    "base": "", 
                    "title": "Shoe Weight", 
                    "value": "Light (242 GM)"
                }, 
                {
                    "base": "", 
                    "title": "Closing", 
                    "value": "Lace-up"
                }, 
                {
                    "base": "", 
                    "title": "Tip shape", 
                    "value": "Round"
                }, 
                {
                    "base": "", 
                    "title": "Product warranty", 
                    "value": "6 MONTHS AGAINST MANUFACTURING DEFECTS AND NOT VALID ON MORE THAN 20% DISCOUNTED PRODUCTS"
                }, 
                {
                    "base": "", 
                    "title": "Technology", 
                    "value": "Flex"
                }, 
                {
                    "base": "", 
                    "title": "Fit", 
                    "value": "Regular"
                }, 
                {
                    "base": "", 
                    "title": "Ankle Height", 
                    "value": "Low Ankle"
                }, 
                {
                    "base": "", 
                    "title": "Color", 
                    "value": "Navy Blue"
                }, 
                {
                    "base": "", 
                    "title": "Upper Material Details", 
                    "value": "Mesh|Synthetic Leather"
                }, 
                {
                    "base": "", 
                    "title": "SKU", 
                    "value": "NI091SH60FEMINDFAS"
                }
            ], 
            "title": "Flex Experience Rn 6 Navy Blue Running Shoes"
        }, 
        {
            "SKU": "LE080SH91FYHINDFAS", 
            "availability": true, 
            "brand": "Lee Cooper", 
            "category": "Men", 
            "description": "Run for extra miles and discover the tracks less-travelled in style, wearing this pair of navy blue running shoes from Lee Cooper. Featuring a draw-cord lock closure and mesh inserts with synthetic leather overlays on sides that offer perfect fit and enhanced support, the upper of this pair of running shoes also has padded mouth and tongue that render soft feel. Finished with fabric lining and rubber sole that guarantee great cushioning and good grip on all surfaces; this pair of running shoes can be worn with a T-shirt and shorts.", 
            "gender": "Men", 
            "id": 0, 
            "models": [
                {
                    "color": {
                        "name": "", 
                        "value": ""
                    }, 
                    "count": "0", 
                    "size": "6"
                }, 
                {
                    "color": {
                        "name": "", 
                        "value": ""
                    }, 
                    "count": "0", 
                    "size": "7"
                }, 
                {
                    "color": {
                        "name": "", 
                        "value": ""
                    }, 
                    "count": "1", 
                    "size": "8"
                }, 
                {
                    "color": {
                        "name": "", 
                        "value": ""
                    }, 
                    "count": "0", 
                    "size": "9"
                }, 
                {
                    "color": {
                        "name": "", 
                        "value": ""
                    }, 
                    "count": "6", 
                    "size": "10"
                }, 
                {
                    "color": {
                        "name": "", 
                        "value": ""
                    }, 
                    "count": "0", 
                    "size": "11"
                }
            ], 
            "options": [], 
            "photos": [
                {
                    "2x": "https://static1.jassets.com/p/Lee-Cooper-Navy-Blue-Running-Shoes-6491-347670003-1-pdp_slider_xs.jpg", 
                    "main": "https://static1.jassets.com/p/Lee-Cooper-Navy-Blue-Running-Shoes-6491-347670003-1-pdp_slider_m.jpg", 
                    "thumb": "https://static1.jassets.com/p/Lee-Cooper-Navy-Blue-Running-Shoes-6491-347670003-1-pdp_slider_xxs.jpg"
                }, 
                {
                    "2x": "https://static1.jassets.com/p/Lee-Cooper-Navy-Blue-Running-Shoes-6491-347670003-2-pdp_slider_xs.jpg", 
                    "main": "https://static1.jassets.com/p/Lee-Cooper-Navy-Blue-Running-Shoes-6491-347670003-2-pdp_slider_m.jpg", 
                    "thumb": "https://static1.jassets.com/p/Lee-Cooper-Navy-Blue-Running-Shoes-6491-347670003-2-pdp_slider_xxs.jpg"
                }, 
                {
                    "2x": "https://static1.jassets.com/p/Lee-Cooper-Navy-Blue-Running-Shoes-6491-347670003-3-pdp_slider_xs.jpg", 
                    "main": "https://static1.jassets.com/p/Lee-Cooper-Navy-Blue-Running-Shoes-6491-347670003-3-pdp_slider_m.jpg", 
                    "thumb": "https://static1.jassets.com/p/Lee-Cooper-Navy-Blue-Running-Shoes-6491-347670003-3-pdp_slider_xxs.jpg"
                }, 
                {
                    "2x": "https://static1.jassets.com/p/Lee-Cooper-Navy-Blue-Running-Shoes-6491-347670003-4-pdp_slider_xs.jpg", 
                    "main": "https://static1.jassets.com/p/Lee-Cooper-Navy-Blue-Running-Shoes-6491-347670003-4-pdp_slider_m.jpg", 
                    "thumb": "https://static1.jassets.com/p/Lee-Cooper-Navy-Blue-Running-Shoes-6491-347670003-4-pdp_slider_xxs.jpg"
                }, 
                {
                    "2x": "https://static1.jassets.com/p/Lee-Cooper-Navy-Blue-Running-Shoes-6491-347670003-5-pdp_slider_xs.jpg", 
                    "main": "https://static1.jassets.com/p/Lee-Cooper-Navy-Blue-Running-Shoes-6491-347670003-5-pdp_slider_m.jpg", 
                    "thumb": "https://static1.jassets.com/p/Lee-Cooper-Navy-Blue-Running-Shoes-6491-347670003-5-pdp_slider_xxs.jpg"
                }, 
                {
                    "2x": "https://static1.jassets.com/p/Lee-Cooper-Navy-Blue-Running-Shoes-6491-347670003-6-pdp_slider_xs.jpg", 
                    "main": "https://static1.jassets.com/p/Lee-Cooper-Navy-Blue-Running-Shoes-6491-347670003-6-pdp_slider_m.jpg", 
                    "thumb": "https://static1.jassets.com/p/Lee-Cooper-Navy-Blue-Running-Shoes-6491-347670003-6-pdp_slider_xxs.jpg"
                }, 
                {
                    "2x": "https://static1.jassets.com/p/Lee-Cooper-Navy-Blue-Running-Shoes-6491-347670003-7-pdp_slider_xs.jpg", 
                    "main": "https://static1.jassets.com/p/Lee-Cooper-Navy-Blue-Running-Shoes-6491-347670003-7-pdp_slider_m.jpg", 
                    "thumb": "https://static1.jassets.com/p/Lee-Cooper-Navy-Blue-Running-Shoes-6491-347670003-7-pdp_slider_xxs.jpg"
                }
            ], 
            "price": {
                "actual": "2025", 
                "default": "2699", 
                "discount": "25"
            }, 
            "properties": [
                {
                    "base": "", 
                    "title": "Sole Material", 
                    "value": "Rubber"
                }, 
                {
                    "base": "", 
                    "title": "Inner Lining", 
                    "value": "Fabric"
                }, 
                {
                    "base": "", 
                    "title": "Closing", 
                    "value": "Lace-up"
                }, 
                {
                    "base": "", 
                    "title": "Tip shape", 
                    "value": "Round"
                }, 
                {
                    "base": "", 
                    "title": "Product warranty", 
                    "value": "3 Month Against Manufacturing Defect"
                }, 
                {
                    "base": "", 
                    "title": "Fit", 
                    "value": "Regular"
                }, 
                {
                    "base": "", 
                    "title": "Ankle Height", 
                    "value": "Low Ankle"
                }, 
                {
                    "base": "", 
                    "title": "Color", 
                    "value": "Navy Blue"
                }, 
                {
                    "base": "", 
                    "title": "Upper Material Details", 
                    "value": "Mesh|Synthetic Leather"
                }, 
                {
                    "base": "", 
                    "title": "SKU", 
                    "value": "LE080SH91FYHINDFAS"
                }
            ], 
            "title": "Navy Blue Running Shoes"
        }, 
        {
            "SKU": "NI091SH66MHKINDFAS", 
            "availability": true, 
            "brand": "Nike", 
            "category": "Men", 
            "description": "Designed to offer unmatched speed and comfort are these black \u2018LunarConverge\u2019 running shoes from Nike. The soft foam underfoot eases out the transition, whrereas the mesh provides breathable comfort even in the most challenging atmosphere. Other specifications:", 
            "gender": "Men", 
            "id": 0, 
            "models": [
                {
                    "color": {
                        "name": "", 
                        "value": ""
                    }, 
                    "count": "6", 
                    "size": "6"
                }, 
                {
                    "color": {
                        "name": "", 
                        "value": ""
                    }, 
                    "count": "6", 
                    "size": "7"
                }, 
                {
                    "color": {
                        "name": "", 
                        "value": ""
                    }, 
                    "count": "6", 
                    "size": "8"
                }, 
                {
                    "color": {
                        "name": "", 
                        "value": ""
                    }, 
                    "count": "6", 
                    "size": "9"
                }, 
                {
                    "color": {
                        "name": "", 
                        "value": ""
                    }, 
                    "count": "6", 
                    "size": "10"
                }, 
                {
                    "color": {
                        "name": "", 
                        "value": ""
                    }, 
                    "count": "6", 
                    "size": "11"
                }, 
                {
                    "color": {
                        "name": "", 
                        "value": ""
                    }, 
                    "count": "0", 
                    "size": "12"
                }
            ], 
            "options": [], 
            "photos": [
                {
                    "2x": "https://static1.jassets.com/p/Nike-Lunarconverge-Black-Running-Shoes-0799-463511003-1-pdp_slider_xs.jpg", 
                    "main": "https://static1.jassets.com/p/Nike-Lunarconverge-Black-Running-Shoes-0799-463511003-1-pdp_slider_m.jpg", 
                    "thumb": "https://static1.jassets.com/p/Nike-Lunarconverge-Black-Running-Shoes-0799-463511003-1-pdp_slider_xxs.jpg"
                }, 
                {
                    "2x": "https://static1.jassets.com/p/Nike-Lunarconverge-Black-Running-Shoes-0799-463511003-2-pdp_slider_xs.jpg", 
                    "main": "https://static1.jassets.com/p/Nike-Lunarconverge-Black-Running-Shoes-0799-463511003-2-pdp_slider_m.jpg", 
                    "thumb": "https://static1.jassets.com/p/Nike-Lunarconverge-Black-Running-Shoes-0799-463511003-2-pdp_slider_xxs.jpg"
                }, 
                {
                    "2x": "https://static1.jassets.com/p/Nike-Lunarconverge-Black-Running-Shoes-0799-463511003-3-pdp_slider_xs.jpg", 
                    "main": "https://static1.jassets.com/p/Nike-Lunarconverge-Black-Running-Shoes-0799-463511003-3-pdp_slider_m.jpg", 
                    "thumb": "https://static1.jassets.com/p/Nike-Lunarconverge-Black-Running-Shoes-0799-463511003-3-pdp_slider_xxs.jpg"
                }, 
                {
                    "2x": "https://static1.jassets.com/p/Nike-Lunarconverge-Black-Running-Shoes-0799-463511003-4-pdp_slider_xs.jpg", 
                    "main": "https://static1.jassets.com/p/Nike-Lunarconverge-Black-Running-Shoes-0799-463511003-4-pdp_slider_m.jpg", 
                    "thumb": "https://static1.jassets.com/p/Nike-Lunarconverge-Black-Running-Shoes-0799-463511003-4-pdp_slider_xxs.jpg"
                }, 
                {
                    "2x": "https://static1.jassets.com/p/Nike-Lunarconverge-Black-Running-Shoes-0799-463511003-5-pdp_slider_xs.jpg", 
                    "main": "https://static1.jassets.com/p/Nike-Lunarconverge-Black-Running-Shoes-0799-463511003-5-pdp_slider_m.jpg", 
                    "thumb": "https://static1.jassets.com/p/Nike-Lunarconverge-Black-Running-Shoes-0799-463511003-5-pdp_slider_xxs.jpg"
                }, 
                {
                    "2x": "https://static1.jassets.com/p/Nike-Lunarconverge-Black-Running-Shoes-0799-463511003-6-pdp_slider_xs.jpg", 
                    "main": "https://static1.jassets.com/p/Nike-Lunarconverge-Black-Running-Shoes-0799-463511003-6-pdp_slider_m.jpg", 
                    "thumb": "https://static1.jassets.com/p/Nike-Lunarconverge-Black-Running-Shoes-0799-463511003-6-pdp_slider_xxs.jpg"
                }, 
                {
                    "2x": "https://static1.jassets.com/p/Nike-Lunarconverge-Black-Running-Shoes-0799-463511003-7-pdp_slider_xs.jpg", 
                    "main": "https://static1.jassets.com/p/Nike-Lunarconverge-Black-Running-Shoes-0799-463511003-7-pdp_slider_m.jpg", 
                    "thumb": "https://static1.jassets.com/p/Nike-Lunarconverge-Black-Running-Shoes-0799-463511003-7-pdp_slider_xxs.jpg"
                }, 
                {
                    "2x": "https://static1.jassets.com/p/Nike-Lunarconverge-Black-Running-Shoes-0799-463511003-8-pdp_slider_xs.jpg", 
                    "main": "https://static1.jassets.com/p/Nike-Lunarconverge-Black-Running-Shoes-0799-463511003-8-pdp_slider_m.jpg", 
                    "thumb": "https://static1.jassets.com/p/Nike-Lunarconverge-Black-Running-Shoes-0799-463511003-8-pdp_slider_xxs.jpg"
                }
            ], 
            "price": {
                "actual": "3767", 
                "default": "5795", 
                "discount": "35"
            }, 
            "properties": [
                {
                    "base": "", 
                    "title": "Sole Material", 
                    "value": "Rubber"
                }, 
                {
                    "base": "", 
                    "title": "Inner Lining", 
                    "value": "Mesh"
                }, 
                {
                    "base": "", 
                    "title": "Closing", 
                    "value": "Lace-up"
                }, 
                {
                    "base": "", 
                    "title": "Tip shape", 
                    "value": "Round"
                }, 
                {
                    "base": "", 
                    "title": "Product warranty", 
                    "value": "6 MONTHS AGAINST MANUFACTURING DEFECTS AND NOT VALID ON MORE THAN 20% DISCOUNTED PRODUCTS"
                }, 
                {
                    "base": "", 
                    "title": "Technology", 
                    "value": "Lunar"
                }, 
                {
                    "base": "", 
                    "title": "Fit", 
                    "value": "Regular"
                }, 
                {
                    "base": "", 
                    "title": "Ankle Height", 
                    "value": "Low Ankle"
                }, 
                {
                    "base": "", 
                    "title": "Color", 
                    "value": "Black"
                }, 
                {
                    "base": "", 
                    "title": "Upper Material Details", 
                    "value": "Mesh|Synthetic Leather"
                }, 
                {
                    "base": "", 
                    "title": "SKU", 
                    "value": "NI091SH66MHKINDFAS"
                }
            ], 
            "title": "Lunarconverge Black Running Shoes"
        }, 
        {
            "SKU": "RE292SH32OUTINDFAS", 
            "availability": true, 
            "brand": "Red Chief", 
            "category": "Men", 
            "description": "<span>Stay in vogue flaunting these navy blue loafers for men by CCILU. Made from Croslite\u2122, these loafers feature a perforated design. Sleek and trendy in design, these loafers will certainly enhance your casual look.</span>", 
            "gender": "Men", 
            "id": 0, 
            "models": [
                {
                    "color": {
                        "name": "", 
                        "value": ""
                    }, 
                    "count": "6", 
                    "size": "6"
                }, 
                {
                    "color": {
                        "name": "", 
                        "value": ""
                    }, 
                    "count": "6", 
                    "size": "7"
                }, 
                {
                    "color": {
                        "name": "", 
                        "value": ""
                    }, 
                    "count": "6", 
                    "size": "8"
                }, 
                {
                    "color": {
                        "name": "", 
                        "value": ""
                    }, 
                    "count": "6", 
                    "size": "9"
                }, 
                {
                    "color": {
                        "name": "", 
                        "value": ""
                    }, 
                    "count": "6", 
                    "size": "10"
                }
            ], 
            "options": [], 
            "photos": [
                {
                    "2x": "https://static1.jassets.com/p/Red-Chief-Tan-Outdoor-Shoes-6639-7663102-1-pdp_slider_xs.jpg", 
                    "main": "https://static1.jassets.com/p/Red-Chief-Tan-Outdoor-Shoes-6639-7663102-1-pdp_slider_m.jpg", 
                    "thumb": "https://static1.jassets.com/p/Red-Chief-Tan-Outdoor-Shoes-6639-7663102-1-pdp_slider_xxs.jpg"
                }, 
                {
                    "2x": "https://static1.jassets.com/p/Red-Chief-Tan-Outdoor-Shoes-6639-7663102-2-pdp_slider_xs.jpg", 
                    "main": "https://static1.jassets.com/p/Red-Chief-Tan-Outdoor-Shoes-6639-7663102-2-pdp_slider_m.jpg", 
                    "thumb": "https://static1.jassets.com/p/Red-Chief-Tan-Outdoor-Shoes-6639-7663102-2-pdp_slider_xxs.jpg"
                }, 
                {
                    "2x": "https://static1.jassets.com/p/Red-Chief-Tan-Outdoor-Shoes-6639-7663102-3-pdp_slider_xs.jpg", 
                    "main": "https://static1.jassets.com/p/Red-Chief-Tan-Outdoor-Shoes-6639-7663102-3-pdp_slider_m.jpg", 
                    "thumb": "https://static1.jassets.com/p/Red-Chief-Tan-Outdoor-Shoes-6639-7663102-3-pdp_slider_xxs.jpg"
                }, 
                {
                    "2x": "https://static1.jassets.com/p/Red-Chief-Tan-Outdoor-Shoes-6639-7663102-4-pdp_slider_xs.jpg", 
                    "main": "https://static1.jassets.com/p/Red-Chief-Tan-Outdoor-Shoes-6639-7663102-4-pdp_slider_m.jpg", 
                    "thumb": "https://static1.jassets.com/p/Red-Chief-Tan-Outdoor-Shoes-6639-7663102-4-pdp_slider_xxs.jpg"
                }, 
                {
                    "2x": "https://static1.jassets.com/p/Red-Chief-Tan-Outdoor-Shoes-6639-7663102-5-pdp_slider_xs.jpg", 
                    "main": "https://static1.jassets.com/p/Red-Chief-Tan-Outdoor-Shoes-6639-7663102-5-pdp_slider_m.jpg", 
                    "thumb": "https://static1.jassets.com/p/Red-Chief-Tan-Outdoor-Shoes-6639-7663102-5-pdp_slider_xxs.jpg"
                }, 
                {
                    "2x": "https://static1.jassets.com/p/Red-Chief-Tan-Outdoor-Shoes-6640-7663102-6-pdp_slider_xs.jpg", 
                    "main": "https://static1.jassets.com/p/Red-Chief-Tan-Outdoor-Shoes-6640-7663102-6-pdp_slider_m.jpg", 
                    "thumb": "https://static1.jassets.com/p/Red-Chief-Tan-Outdoor-Shoes-6640-7663102-6-pdp_slider_xxs.jpg"
                }, 
                {
                    "2x": "https://static1.jassets.com/p/Red-Chief-Tan-Outdoor-Shoes-6640-7663102-7-pdp_slider_xs.jpg", 
                    "main": "https://static1.jassets.com/p/Red-Chief-Tan-Outdoor-Shoes-6640-7663102-7-pdp_slider_m.jpg", 
                    "thumb": "https://static1.jassets.com/p/Red-Chief-Tan-Outdoor-Shoes-6640-7663102-7-pdp_slider_xxs.jpg"
                }
            ], 
            "price": {
                "actual": "3495", 
                "default": 0, 
                "discount": 0
            }, 
            "properties": [
                {
                    "base": "", 
                    "title": "Sole Material", 
                    "value": "TPR"
                }, 
                {
                    "base": "", 
                    "title": "Shoe Weight", 
                    "value": "Heavy (590 GM)"
                }, 
                {
                    "base": "", 
                    "title": "Closing", 
                    "value": "Lace-up"
                }, 
                {
                    "base": "", 
                    "title": "Tip shape", 
                    "value": "Round"
                }, 
                {
                    "base": "", 
                    "title": "Product warranty", 
                    "value": "3 Months Warranty by Brand/Manufacturer Against Manufacturing Defect"
                }, 
                {
                    "base": "", 
                    "title": "Fit", 
                    "value": "Regular"
                }, 
                {
                    "base": "", 
                    "title": "Ankle Height", 
                    "value": "High Ankle"
                }, 
                {
                    "base": "", 
                    "title": "Color", 
                    "value": "Tan"
                }, 
                {
                    "base": "", 
                    "title": "Upper Material Details", 
                    "value": "Genuine Leather"
                }, 
                {
                    "base": "", 
                    "title": "SKU", 
                    "value": "RE292SH32OUTINDFAS"
                }
            ], 
            "title": "Tan Outdoor Shoes"
        }, 
        {
            "SKU": "SU068SH39TNKINDFAS", 
            "availability": true, 
            "brand": "Superdry", 
            "category": "Men", 
            "description": "Make the girls go gaga about your fashion sense when you adorn this pair of brown coloured boots by Superdry. Contrasting upper and sole presents a sleek pair of boots, which is flexible and hard wearing. Team these boots with a T-shirt and a pair of denims to receive compliments from onlookers.", 
            "gender": "Men", 
            "id": 0, 
            "models": [
                {
                    "color": {
                        "name": "", 
                        "value": ""
                    }, 
                    "count": "4", 
                    "size": "7"
                }, 
                {
                    "color": {
                        "name": "", 
                        "value": ""
                    }, 
                    "count": "6", 
                    "size": "8"
                }, 
                {
                    "color": {
                        "name": "", 
                        "value": ""
                    }, 
                    "count": "6", 
                    "size": "9"
                }, 
                {
                    "color": {
                        "name": "", 
                        "value": ""
                    }, 
                    "count": "6", 
                    "size": "10"
                }, 
                {
                    "color": {
                        "name": "", 
                        "value": ""
                    }, 
                    "count": "6", 
                    "size": "11"
                }
            ], 
            "options": [], 
            "photos": [
                {
                    "2x": "https://static1.jassets.com/p/Superdry-Winter-Dakar-Brown-Boots-3710-063000003-1-pdp_slider_xs.jpg", 
                    "main": "https://static1.jassets.com/p/Superdry-Winter-Dakar-Brown-Boots-3710-063000003-1-pdp_slider_m.jpg", 
                    "thumb": "https://static1.jassets.com/p/Superdry-Winter-Dakar-Brown-Boots-3710-063000003-1-pdp_slider_xxs.jpg"
                }, 
                {
                    "2x": "https://static1.jassets.com/p/Superdry-Winter-Dakar-Brown-Boots-3710-063000003-2-pdp_slider_xs.jpg", 
                    "main": "https://static1.jassets.com/p/Superdry-Winter-Dakar-Brown-Boots-3710-063000003-2-pdp_slider_m.jpg", 
                    "thumb": "https://static1.jassets.com/p/Superdry-Winter-Dakar-Brown-Boots-3710-063000003-2-pdp_slider_xxs.jpg"
                }, 
                {
                    "2x": "https://static1.jassets.com/p/Superdry-Winter-Dakar-Brown-Boots-3710-063000003-3-pdp_slider_xs.jpg", 
                    "main": "https://static1.jassets.com/p/Superdry-Winter-Dakar-Brown-Boots-3710-063000003-3-pdp_slider_m.jpg", 
                    "thumb": "https://static1.jassets.com/p/Superdry-Winter-Dakar-Brown-Boots-3710-063000003-3-pdp_slider_xxs.jpg"
                }, 
                {
                    "2x": "https://static1.jassets.com/p/Superdry-Winter-Dakar-Brown-Boots-3710-063000003-4-pdp_slider_xs.jpg", 
                    "main": "https://static1.jassets.com/p/Superdry-Winter-Dakar-Brown-Boots-3710-063000003-4-pdp_slider_m.jpg", 
                    "thumb": "https://static1.jassets.com/p/Superdry-Winter-Dakar-Brown-Boots-3710-063000003-4-pdp_slider_xxs.jpg"
                }, 
                {
                    "2x": "https://static1.jassets.com/p/Superdry-Winter-Dakar-Brown-Boots-3710-063000003-5-pdp_slider_xs.jpg", 
                    "main": "https://static1.jassets.com/p/Superdry-Winter-Dakar-Brown-Boots-3710-063000003-5-pdp_slider_m.jpg", 
                    "thumb": "https://static1.jassets.com/p/Superdry-Winter-Dakar-Brown-Boots-3710-063000003-5-pdp_slider_xxs.jpg"
                }, 
                {
                    "2x": "https://static1.jassets.com/p/Superdry-Winter-Dakar-Brown-Boots-3710-063000003-6-pdp_slider_xs.jpg", 
                    "main": "https://static1.jassets.com/p/Superdry-Winter-Dakar-Brown-Boots-3710-063000003-6-pdp_slider_m.jpg", 
                    "thumb": "https://static1.jassets.com/p/Superdry-Winter-Dakar-Brown-Boots-3710-063000003-6-pdp_slider_xxs.jpg"
                }, 
                {
                    "2x": "https://static1.jassets.com/p/Superdry-Winter-Dakar-Brown-Boots-3710-063000003-7-pdp_slider_xs.jpg", 
                    "main": "https://static1.jassets.com/p/Superdry-Winter-Dakar-Brown-Boots-3710-063000003-7-pdp_slider_m.jpg", 
                    "thumb": "https://static1.jassets.com/p/Superdry-Winter-Dakar-Brown-Boots-3710-063000003-7-pdp_slider_xxs.jpg"
                }
            ], 
            "price": {
                "actual": "5592", 
                "default": "6990", 
                "discount": "20"
            }, 
            "properties": [
                {
                    "base": "", 
                    "title": "Color", 
                    "value": "Brown"
                }, 
                {
                    "base": "", 
                    "title": "Upper Material", 
                    "value": "Genuine Leather"
                }, 
                {
                    "base": "", 
                    "title": "Sole Material", 
                    "value": "TPR"
                }, 
                {
                    "base": "", 
                    "title": "Closing", 
                    "value": "Lace-up"
                }, 
                {
                    "base": "", 
                    "title": "Tip shape", 
                    "value": "Round"
                }, 
                {
                    "base": "", 
                    "title": "Ankle Height", 
                    "value": "Mid Ankle"
                }, 
                {
                    "base": "", 
                    "title": "Shoe Weight", 
                    "value": "Regular (400 GM)"
                }, 
                {
                    "base": "", 
                    "title": "Product warranty", 
                    "value": "1 Month Against Manufacturing Defect"
                }, 
                {
                    "base": "", 
                    "title": "SKU", 
                    "value": "SU068SH39TNKINDFAS"
                }
            ], 
            "title": "Winter Dakar Brown Boots"
        }, 
        {
            "SKU": "RE104SH21BNRINDFAS", 
            "availability": true, 
            "brand": "Red Tape", 
            "category": "Men", 
            "description": "", 
            "gender": "Men", 
            "id": 0, 
            "models": [
                {
                    "color": {
                        "name": "", 
                        "value": ""
                    }, 
                    "count": "6", 
                    "size": "7"
                }, 
                {
                    "color": {
                        "name": "", 
                        "value": ""
                    }, 
                    "count": "0", 
                    "size": "8"
                }, 
                {
                    "color": {
                        "name": "", 
                        "value": ""
                    }, 
                    "count": "0", 
                    "size": "9"
                }
            ], 
            "options": [], 
            "photos": [
                {
                    "2x": "https://static1.jassets.com/p/Red-Tape-Brown-Boots-8247-760172003-1-pdp_slider_xs.jpg", 
                    "main": "https://static1.jassets.com/p/Red-Tape-Brown-Boots-8247-760172003-1-pdp_slider_m.jpg", 
                    "thumb": "https://static1.jassets.com/p/Red-Tape-Brown-Boots-8247-760172003-1-pdp_slider_xxs.jpg"
                }, 
                {
                    "2x": "https://static1.jassets.com/p/Red-Tape-Brown-Boots-8247-760172003-5-pdp_slider_xs.jpg", 
                    "main": "https://static1.jassets.com/p/Red-Tape-Brown-Boots-8247-760172003-5-pdp_slider_m.jpg", 
                    "thumb": "https://static1.jassets.com/p/Red-Tape-Brown-Boots-8247-760172003-5-pdp_slider_xxs.jpg"
                }, 
                {
                    "2x": "https://static1.jassets.com/p/Red-Tape-Brown-Boots-8247-760172003-3-pdp_slider_xs.jpg", 
                    "main": "https://static1.jassets.com/p/Red-Tape-Brown-Boots-8247-760172003-3-pdp_slider_m.jpg", 
                    "thumb": "https://static1.jassets.com/p/Red-Tape-Brown-Boots-8247-760172003-3-pdp_slider_xxs.jpg"
                }, 
                {
                    "2x": "https://static1.jassets.com/p/Red-Tape-Brown-Boots-8247-760172003-2-pdp_slider_xs.jpg", 
                    "main": "https://static1.jassets.com/p/Red-Tape-Brown-Boots-8247-760172003-2-pdp_slider_m.jpg", 
                    "thumb": "https://static1.jassets.com/p/Red-Tape-Brown-Boots-8247-760172003-2-pdp_slider_xxs.jpg"
                }, 
                {
                    "2x": "https://static1.jassets.com/p/Red-Tape-Brown-Boots-8247-760172003-4-pdp_slider_xs.jpg", 
                    "main": "https://static1.jassets.com/p/Red-Tape-Brown-Boots-8247-760172003-4-pdp_slider_m.jpg", 
                    "thumb": "https://static1.jassets.com/p/Red-Tape-Brown-Boots-8247-760172003-4-pdp_slider_xxs.jpg"
                }
            ], 
            "price": {
                "actual": "2148", 
                "default": "4295", 
                "discount": "50"
            }, 
            "properties": [
                {
                    "base": "", 
                    "title": "Color", 
                    "value": "Brown"
                }, 
                {
                    "base": "", 
                    "title": "Upper Material", 
                    "value": "Genuine Leather"
                }, 
                {
                    "base": "", 
                    "title": "Sole Material", 
                    "value": "TPR"
                }, 
                {
                    "base": "", 
                    "title": "Closing", 
                    "value": "Lace-up"
                }, 
                {
                    "base": "", 
                    "title": "Tip shape", 
                    "value": "Round"
                }, 
                {
                    "base": "", 
                    "title": "Ankle Height", 
                    "value": "Mid Ankle"
                }, 
                {
                    "base": "", 
                    "title": "Package Contents", 
                    "value": "1 Pair Of Boots"
                }, 
                {
                    "base": "", 
                    "title": "SKU", 
                    "value": "RE104SH21BNRINDFAS"
                }
            ], 
            "title": "Brown Boots"
        }, 
        {
            "SKU": "JO549SH87GRHINDFAS", 
            "availability": true, 
            "brand": "Johnston & Murphy", 
            "category": "Men", 
            "description": "", 
            "gender": "Men", 
            "id": 0, 
            "models": [
                {
                    "color": {
                        "name": "", 
                        "value": ""
                    }, 
                    "count": "1", 
                    "size": "7"
                }, 
                {
                    "color": {
                        "name": "", 
                        "value": ""
                    }, 
                    "count": "4", 
                    "size": "8"
                }, 
                {
                    "color": {
                        "name": "", 
                        "value": ""
                    }, 
                    "count": "3", 
                    "size": "9"
                }, 
                {
                    "color": {
                        "name": "", 
                        "value": ""
                    }, 
                    "count": "2", 
                    "size": "10"
                }, 
                {
                    "color": {
                        "name": "", 
                        "value": ""
                    }, 
                    "count": "1", 
                    "size": "11"
                }
            ], 
            "options": [], 
            "photos": [
                {
                    "2x": "https://static1.jassets.com/p/Johnston---Murphy-Collins-Cap-Toe-Brown-Derby-Formal-Shoes-8308-814862003-1-pdp_slider_xs.jpg", 
                    "main": "https://static1.jassets.com/p/Johnston---Murphy-Collins-Cap-Toe-Brown-Derby-Formal-Shoes-8308-814862003-1-pdp_slider_m.jpg", 
                    "thumb": "https://static1.jassets.com/p/Johnston---Murphy-Collins-Cap-Toe-Brown-Derby-Formal-Shoes-8308-814862003-1-pdp_slider_xxs.jpg"
                }, 
                {
                    "2x": "https://static1.jassets.com/p/Johnston---Murphy-Collins-Cap-Toe-Brown-Derby-Formal-Shoes-8308-814862003-2-pdp_slider_xs.jpg", 
                    "main": "https://static1.jassets.com/p/Johnston---Murphy-Collins-Cap-Toe-Brown-Derby-Formal-Shoes-8308-814862003-2-pdp_slider_m.jpg", 
                    "thumb": "https://static1.jassets.com/p/Johnston---Murphy-Collins-Cap-Toe-Brown-Derby-Formal-Shoes-8308-814862003-2-pdp_slider_xxs.jpg"
                }, 
                {
                    "2x": "https://static1.jassets.com/p/Johnston---Murphy-Collins-Cap-Toe-Brown-Derby-Formal-Shoes-8308-814862003-3-pdp_slider_xs.jpg", 
                    "main": "https://static1.jassets.com/p/Johnston---Murphy-Collins-Cap-Toe-Brown-Derby-Formal-Shoes-8308-814862003-3-pdp_slider_m.jpg", 
                    "thumb": "https://static1.jassets.com/p/Johnston---Murphy-Collins-Cap-Toe-Brown-Derby-Formal-Shoes-8308-814862003-3-pdp_slider_xxs.jpg"
                }, 
                {
                    "2x": "https://static1.jassets.com/p/Johnston---Murphy-Collins-Cap-Toe-Brown-Derby-Formal-Shoes-8308-814862003-4-pdp_slider_xs.jpg", 
                    "main": "https://static1.jassets.com/p/Johnston---Murphy-Collins-Cap-Toe-Brown-Derby-Formal-Shoes-8308-814862003-4-pdp_slider_m.jpg", 
                    "thumb": "https://static1.jassets.com/p/Johnston---Murphy-Collins-Cap-Toe-Brown-Derby-Formal-Shoes-8308-814862003-4-pdp_slider_xxs.jpg"
                }, 
                {
                    "2x": "https://static1.jassets.com/p/Johnston---Murphy-Collins-Cap-Toe-Brown-Derby-Formal-Shoes-8308-814862003-5-pdp_slider_xs.jpg", 
                    "main": "https://static1.jassets.com/p/Johnston---Murphy-Collins-Cap-Toe-Brown-Derby-Formal-Shoes-8308-814862003-5-pdp_slider_m.jpg", 
                    "thumb": "https://static1.jassets.com/p/Johnston---Murphy-Collins-Cap-Toe-Brown-Derby-Formal-Shoes-8308-814862003-5-pdp_slider_xxs.jpg"
                }, 
                {
                    "2x": "https://static1.jassets.com/p/Johnston---Murphy-Collins-Cap-Toe-Brown-Derby-Formal-Shoes-8308-814862003-6-pdp_slider_xs.jpg", 
                    "main": "https://static1.jassets.com/p/Johnston---Murphy-Collins-Cap-Toe-Brown-Derby-Formal-Shoes-8308-814862003-6-pdp_slider_m.jpg", 
                    "thumb": "https://static1.jassets.com/p/Johnston---Murphy-Collins-Cap-Toe-Brown-Derby-Formal-Shoes-8308-814862003-6-pdp_slider_xxs.jpg"
                }, 
                {
                    "2x": "https://static1.jassets.com/p/Johnston---Murphy-Collins-Cap-Toe-Brown-Derby-Formal-Shoes-8308-814862003-7-pdp_slider_xs.jpg", 
                    "main": "https://static1.jassets.com/p/Johnston---Murphy-Collins-Cap-Toe-Brown-Derby-Formal-Shoes-8308-814862003-7-pdp_slider_m.jpg", 
                    "thumb": "https://static1.jassets.com/p/Johnston---Murphy-Collins-Cap-Toe-Brown-Derby-Formal-Shoes-8308-814862003-7-pdp_slider_xxs.jpg"
                }
            ], 
            "price": {
                "actual": "14000", 
                "default": "19999", 
                "discount": "30"
            }, 
            "properties": [
                {
                    "base": "", 
                    "title": "Color", 
                    "value": "Brown"
                }, 
                {
                    "base": "", 
                    "title": "Upper Material", 
                    "value": "Genuine Leather"
                }, 
                {
                    "base": "", 
                    "title": "Sole Material", 
                    "value": "Leather"
                }, 
                {
                    "base": "", 
                    "title": "Closing", 
                    "value": "Lace-up"
                }, 
                {
                    "base": "", 
                    "title": "Tip shape", 
                    "value": "Round"
                }, 
                {
                    "base": "", 
                    "title": "Ankle Height", 
                    "value": "Low Ankle"
                }, 
                {
                    "base": "", 
                    "title": "SKU", 
                    "value": "JO549SH87GRHINDFAS"
                }
            ], 
            "title": "Collins Cap Toe Brown Derby Formal Shoes"
        }, 
        {
            "SKU": "AL007SH40MEKINDFAS", 
            "availability": true, 
            "brand": "Aldo", 
            "category": "Men", 
            "description": "Minimally stylish, this pair of navy blue sneakers from ALDO will keep your style simple yet reflect an updated modern look. Featuring a slip-on design that ensures easy wear, this pair of sneakers has clean texture, contrasting taping at the back heel that add to its cool contemporary look. With its synthetic upper, fabric lining and rubber sole assuring outstanding comfort and soft feel, this pair of sneakers will look impressive with a T-shirt, a bomber jacket and a pair of distressed jeans.", 
            "gender": "Men", 
            "id": 0, 
            "models": [
                {
                    "color": {
                        "name": "", 
                        "value": ""
                    }, 
                    "count": "2", 
                    "size": "6"
                }, 
                {
                    "color": {
                        "name": "", 
                        "value": ""
                    }, 
                    "count": "5", 
                    "size": "6.5"
                }, 
                {
                    "color": {
                        "name": "", 
                        "value": ""
                    }, 
                    "count": "6", 
                    "size": "7"
                }, 
                {
                    "color": {
                        "name": "", 
                        "value": ""
                    }, 
                    "count": "6", 
                    "size": "8"
                }, 
                {
                    "color": {
                        "name": "", 
                        "value": ""
                    }, 
                    "count": "3", 
                    "size": "9"
                }, 
                {
                    "color": {
                        "name": "", 
                        "value": ""
                    }, 
                    "count": "3", 
                    "size": "10"
                }
            ], 
            "options": [], 
            "photos": [
                {
                    "2x": "https://static1.jassets.com/p/Aldo-Krasnoff-Navy-Blue-Sneakers-5628-892880003-1-pdp_slider_xs.jpg", 
                    "main": "https://static1.jassets.com/p/Aldo-Krasnoff-Navy-Blue-Sneakers-5628-892880003-1-pdp_slider_m.jpg", 
                    "thumb": "https://static1.jassets.com/p/Aldo-Krasnoff-Navy-Blue-Sneakers-5628-892880003-1-pdp_slider_xxs.jpg"
                }, 
                {
                    "2x": "https://static1.jassets.com/p/Aldo-Krasnoff-Navy-Blue-Sneakers-5628-892880003-2-pdp_slider_xs.jpg", 
                    "main": "https://static1.jassets.com/p/Aldo-Krasnoff-Navy-Blue-Sneakers-5628-892880003-2-pdp_slider_m.jpg", 
                    "thumb": "https://static1.jassets.com/p/Aldo-Krasnoff-Navy-Blue-Sneakers-5628-892880003-2-pdp_slider_xxs.jpg"
                }, 
                {
                    "2x": "https://static1.jassets.com/p/Aldo-Krasnoff-Navy-Blue-Sneakers-5628-892880003-3-pdp_slider_xs.jpg", 
                    "main": "https://static1.jassets.com/p/Aldo-Krasnoff-Navy-Blue-Sneakers-5628-892880003-3-pdp_slider_m.jpg", 
                    "thumb": "https://static1.jassets.com/p/Aldo-Krasnoff-Navy-Blue-Sneakers-5628-892880003-3-pdp_slider_xxs.jpg"
                }, 
                {
                    "2x": "https://static1.jassets.com/p/Aldo-Krasnoff-Navy-Blue-Sneakers-5628-892880003-4-pdp_slider_xs.jpg", 
                    "main": "https://static1.jassets.com/p/Aldo-Krasnoff-Navy-Blue-Sneakers-5628-892880003-4-pdp_slider_m.jpg", 
                    "thumb": "https://static1.jassets.com/p/Aldo-Krasnoff-Navy-Blue-Sneakers-5628-892880003-4-pdp_slider_xxs.jpg"
                }, 
                {
                    "2x": "https://static1.jassets.com/p/Aldo-Krasnoff-Navy-Blue-Sneakers-5628-892880003-5-pdp_slider_xs.jpg", 
                    "main": "https://static1.jassets.com/p/Aldo-Krasnoff-Navy-Blue-Sneakers-5628-892880003-5-pdp_slider_m.jpg", 
                    "thumb": "https://static1.jassets.com/p/Aldo-Krasnoff-Navy-Blue-Sneakers-5628-892880003-5-pdp_slider_xxs.jpg"
                }, 
                {
                    "2x": "https://static1.jassets.com/p/Aldo-Krasnoff-Navy-Blue-Sneakers-5628-892880003-6-pdp_slider_xs.jpg", 
                    "main": "https://static1.jassets.com/p/Aldo-Krasnoff-Navy-Blue-Sneakers-5628-892880003-6-pdp_slider_m.jpg", 
                    "thumb": "https://static1.jassets.com/p/Aldo-Krasnoff-Navy-Blue-Sneakers-5628-892880003-6-pdp_slider_xxs.jpg"
                }, 
                {
                    "2x": "https://static1.jassets.com/p/Aldo-Krasnoff-Navy-Blue-Sneakers-5628-892880003-7-pdp_slider_xs.jpg", 
                    "main": "https://static1.jassets.com/p/Aldo-Krasnoff-Navy-Blue-Sneakers-5628-892880003-7-pdp_slider_m.jpg", 
                    "thumb": "https://static1.jassets.com/p/Aldo-Krasnoff-Navy-Blue-Sneakers-5628-892880003-7-pdp_slider_xxs.jpg"
                }
            ], 
            "price": {
                "actual": "5600", 
                "default": "6999", 
                "discount": "20"
            }, 
            "properties": [
                {
                    "base": "", 
                    "title": "Color", 
                    "value": "Navy Blue"
                }, 
                {
                    "base": "", 
                    "title": "Upper Material", 
                    "value": "Synthetic Leather"
                }, 
                {
                    "base": "", 
                    "title": "Sole Material", 
                    "value": "Rubber"
                }, 
                {
                    "base": "", 
                    "title": "Closing", 
                    "value": "Slip On"
                }, 
                {
                    "base": "", 
                    "title": "Tip shape", 
                    "value": "Round"
                }, 
                {
                    "base": "", 
                    "title": "Ankle Height", 
                    "value": "Low Ankle"
                }, 
                {
                    "base": "", 
                    "title": "Shoe Weight", 
                    "value": "Light (282 GM)"
                }, 
                {
                    "base": "", 
                    "title": "Shoe Care", 
                    "value": "Surface Dirt can be cleaned with a good quality brush or a damp cloth."
                }, 
                {
                    "base": "", 
                    "title": "SKU", 
                    "value": "AL007SH40MEKINDFAS"
                }
            ], 
            "title": "Krasnoff Navy Blue Sneakers"
        }, 
        {
            "SKU": "WO136SH28RHGINDFAS", 
            "availability": true, 
            "brand": "Woodland", 
            "category": "Men", 
            "description": "An iconic blend of classy design, round toe and semi-Brogue silhouette, this pair of black shoes from Woodland will add gritty edge to your casual dressing. Meticulously designed with suede upper and a lace-up closure, this pair of shoes is finished with layered panels around its foot bed that add perfection to its elevated look. Finished with comfortable synthetic lining and rubber sole, this pair of shoes will look great with a printed shirt and chinos.\u00a0\u00a0", 
            "gender": "Men", 
            "id": 0, 
            "models": [
                {
                    "color": {
                        "name": "", 
                        "value": ""
                    }, 
                    "count": "0", 
                    "size": "6"
                }, 
                {
                    "color": {
                        "name": "", 
                        "value": ""
                    }, 
                    "count": "3", 
                    "size": "7"
                }, 
                {
                    "color": {
                        "name": "", 
                        "value": ""
                    }, 
                    "count": "0", 
                    "size": "8"
                }, 
                {
                    "color": {
                        "name": "", 
                        "value": ""
                    }, 
                    "count": "6", 
                    "size": "9"
                }, 
                {
                    "color": {
                        "name": "", 
                        "value": ""
                    }, 
                    "count": "6", 
                    "size": "10"
                }, 
                {
                    "color": {
                        "name": "", 
                        "value": ""
                    }, 
                    "count": "6", 
                    "size": "11"
                }
            ], 
            "options": [], 
            "photos": [
                {
                    "2x": "https://static1.jassets.com/p/Woodland-Black-Lifestyle-Shoes-7790-361722003-1-pdp_slider_xs.jpg", 
                    "main": "https://static1.jassets.com/p/Woodland-Black-Lifestyle-Shoes-7790-361722003-1-pdp_slider_m.jpg", 
                    "thumb": "https://static1.jassets.com/p/Woodland-Black-Lifestyle-Shoes-7790-361722003-1-pdp_slider_xxs.jpg"
                }, 
                {
                    "2x": "https://static1.jassets.com/p/Woodland-Black-Lifestyle-Shoes-7790-361722003-2-pdp_slider_xs.jpg", 
                    "main": "https://static1.jassets.com/p/Woodland-Black-Lifestyle-Shoes-7790-361722003-2-pdp_slider_m.jpg", 
                    "thumb": "https://static1.jassets.com/p/Woodland-Black-Lifestyle-Shoes-7790-361722003-2-pdp_slider_xxs.jpg"
                }, 
                {
                    "2x": "https://static1.jassets.com/p/Woodland-Black-Lifestyle-Shoes-7790-361722003-3-pdp_slider_xs.jpg", 
                    "main": "https://static1.jassets.com/p/Woodland-Black-Lifestyle-Shoes-7790-361722003-3-pdp_slider_m.jpg", 
                    "thumb": "https://static1.jassets.com/p/Woodland-Black-Lifestyle-Shoes-7790-361722003-3-pdp_slider_xxs.jpg"
                }, 
                {
                    "2x": "https://static1.jassets.com/p/Woodland-Black-Lifestyle-Shoes-7790-361722003-4-pdp_slider_xs.jpg", 
                    "main": "https://static1.jassets.com/p/Woodland-Black-Lifestyle-Shoes-7790-361722003-4-pdp_slider_m.jpg", 
                    "thumb": "https://static1.jassets.com/p/Woodland-Black-Lifestyle-Shoes-7790-361722003-4-pdp_slider_xxs.jpg"
                }, 
                {
                    "2x": "https://static1.jassets.com/p/Woodland-Black-Lifestyle-Shoes-7790-361722003-5-pdp_slider_xs.jpg", 
                    "main": "https://static1.jassets.com/p/Woodland-Black-Lifestyle-Shoes-7790-361722003-5-pdp_slider_m.jpg", 
                    "thumb": "https://static1.jassets.com/p/Woodland-Black-Lifestyle-Shoes-7790-361722003-5-pdp_slider_xxs.jpg"
                }, 
                {
                    "2x": "https://static1.jassets.com/p/Woodland-Black-Lifestyle-Shoes-7790-361722003-6-pdp_slider_xs.jpg", 
                    "main": "https://static1.jassets.com/p/Woodland-Black-Lifestyle-Shoes-7790-361722003-6-pdp_slider_m.jpg", 
                    "thumb": "https://static1.jassets.com/p/Woodland-Black-Lifestyle-Shoes-7790-361722003-6-pdp_slider_xxs.jpg"
                }, 
                {
                    "2x": "https://static1.jassets.com/p/Woodland-Black-Lifestyle-Shoes-7790-361722003-7-pdp_slider_xs.jpg", 
                    "main": "https://static1.jassets.com/p/Woodland-Black-Lifestyle-Shoes-7790-361722003-7-pdp_slider_m.jpg", 
                    "thumb": "https://static1.jassets.com/p/Woodland-Black-Lifestyle-Shoes-7790-361722003-7-pdp_slider_xxs.jpg"
                }
            ], 
            "price": {
                "actual": "2697", 
                "default": "3595", 
                "discount": "25"
            }, 
            "properties": [
                {
                    "base": "", 
                    "title": "Color", 
                    "value": "Black"
                }, 
                {
                    "base": "", 
                    "title": "Upper Material", 
                    "value": "Suede Leather"
                }, 
                {
                    "base": "", 
                    "title": "Sole Material", 
                    "value": "Rubber"
                }, 
                {
                    "base": "", 
                    "title": "Closing", 
                    "value": "Lace-up"
                }, 
                {
                    "base": "", 
                    "title": "Tip shape", 
                    "value": "Round"
                }, 
                {
                    "base": "", 
                    "title": "SKU", 
                    "value": "WO136SH28RHGINDFAS"
                }
            ], 
            "title": "Black Lifestyle Shoes"
        }
    ]
}